name,address,pincode,city
Acme Corp,Plot No 12 IT Park Tower B Floor 4,411057,Pune
Ravi Kumar,House No 45 Shanti Nagar Society,411038,Pune
TechSol Pvt Ltd,Suite 301 Business Bay Solutions Building,411014,Pune
Asha Patil,Flat 203 Green Valley Apartment,411045,Pune
Bright Industries,Plot 7 MIDC Industrial Area Phase 2,411019,Pune
Sunita Deshmukh,H.No 12 Vrindavan Society Kothrud,411038,Pune
Globex Technologies,4th Floor Tech Tower Hinjewadi,411057,Pune
Mahesh Joshi,Flat No 8 Om Sai Apartment Wakad,411057,Pune
Nimbus Solutions LLP,2nd Floor Cyber Park Building A,411006,Pune
Pooja More,House No 56 Lakshmi Nagar,411046,Pune
Zenith Corp,Plot No 21 Magarpatta City IT Park,411013,Pune
Rahul Kale,Row House 3 Green Acres Colony,411057,Pune
Quantum Industries Pvt Ltd,Building 9 Floor 3 Hadapsar Industrial Estate,411028,Pune
Sneha Patil,Flat 12 Sai Krupa Apartment,411009,Pune
Apex Business Solutions,Suite 502 Business Square Baner,411045,Pune
Anil Sharma,House No 34 Ganesh Nagar Society,411033,Pune
Crestline Technologies,Tower C 5th Floor Kharadi IT Park,411014,Pune
Kavita Rane,Flat 7 Shubham Residency,411048,Pune
NextGen Software Pvt Ltd,3rd Floor Park Plaza Viman Nagar,411014,Pune
Suresh Pawar,H.No 22 Yashwant Nagar,411037,Pune
Orion Enterprises,Plot No 14 Bhosari Industrial Park,411026,Pune
Geeta Iyer,Flat 9 Sunshine Apartment Aundh,411007,Pune
DataCore Technologies LLP,Floor 6 Cybercity Tower 2,411057,Pune
Vikram Singh,House No 5 Rajiv Gandhi Nagar,411017,Pune
Helix Solutions Pvt Ltd,Suite 110 Corporate Annex Baner,411045,Pune
Meena Kulkarni,Flat 15 Vishal Residency Kothrud,411038,Pune
Falcon Industries,Plot 3 Phase 1 MIDC Chakan,410501,Pune
Ramesh Yadav,House No 19 Krishna Nagar,411027,Pune
Bluepeak Corp,4th Floor Blue Ridge Tower Kalyani Nagar,411006,Pune
Sarika Joshi,Flat 4 Green Park Society,411052,Pune